bcsstk03,1.7864
bcsstk03,2.0420
bcsstk03,1.1621
bcsstk03,3.3759
bcsstk03,1.9891
bcsstk03,4.5746
bcsstk03,1.6155
bcsstk03,6.4942
bcsstk03,1.7955
bcsstk03,8.3239
bcsstk03,2.0957
bcsstk03,1.4255
bcsstk03,7.9595
bcsstk03,6.0234
bcsstk03,2.9815
bcsstk03,2.2075
bcsstk03,3.7917
bcsstk03,0.9992
bcsstk03,5.2668
bcsstk03,0.6419
bcsstk14,29.3528
bcsstk14,33.9686
bcsstk14,45.0117
bcsstk14,44.9358
bcsstk14,42.5223
bcsstk14,37.9650
bcsstk14,41.5408
bcsstk14,26.6511
bcsstk14,39.3893
bcsstk14,40.1070
bcsstk14,36.2253
bcsstk14,22.6561
bcsstk14,33.9014
bcsstk14,53.7932
bcsstk14,33.5183
bcsstk14,43.5935
bcsstk14,29.8285
bcsstk14,44.3777
bcsstk14,31.2710
bcsstk14,20.9867
bcsstk36,2.2417
bcsstk36,1.9899
bcsstk36,1.8522
bcsstk36,2.1670
bcsstk36,2.1920
bcsstk36,1.9070
bcsstk36,2.5425
bcsstk36,2.4297
bcsstk36,1.8853
bcsstk36,2.0145
bcsstk36,2.2340
bcsstk36,2.0954
bcsstk36,1.9956
bcsstk36,2.0246
bcsstk36,2.8714
bcsstk36,1.9824
bcsstk36,2.5187
bcsstk36,1.9894
bcsstk36,1.8309
bcsstk36,2.6787
bcsstk37,4.0288
bcsstk37,4.5738
bcsstk37,3.8622
bcsstk37,4.2598
bcsstk37,3.7412
bcsstk37,3.6911
bcsstk37,4.9968
bcsstk37,3.5501
bcsstk37,4.2818
bcsstk37,3.5768
bcsstk37,4.6946
bcsstk37,4.5991
bcsstk37,4.2027
bcsstk37,4.6340
bcsstk37,4.2064
bcsstk37,4.2408
bcsstk37,4.2214
bcsstk37,3.6794
bcsstk37,4.5024
bcsstk37,4.4756
bcsstk38,2.0582
bcsstk38,2.1496
bcsstk38,5.1781
bcsstk38,3.6572
bcsstk38,3.1819
bcsstk38,4.5749
bcsstk38,2.2405
bcsstk38,3.7379
bcsstk38,2.3041
bcsstk38,2.1017
bcsstk38,3.5496
bcsstk38,4.2235
bcsstk38,6.2953
bcsstk38,3.6105
bcsstk38,3.0203
bcsstk38,2.4786
bcsstk38,3.4814
bcsstk38,2.2771
bcsstk38,3.1689
bcsstk38,3.1591
bodyy4,232.9247
bodyy4,219.6262
bodyy4,184.6443
bodyy4,182.0310
bodyy4,233.9449
bodyy4,212.2368
bodyy4,208.9445
bodyy4,206.2600
bodyy4,227.4121
bodyy4,199.4249
bodyy4,224.2908
bodyy4,179.0726
bodyy4,192.5294
bodyy4,201.3907
bodyy4,196.2617
bodyy4,201.3348
bodyy4,221.9761
bodyy4,207.7812
bodyy4,242.2477
bodyy4,225.5451
mhd4800b,6629.4389
mhd4800b,3354.8008
mhd4800b,9511.3479
mhd4800b,681.6034
mhd4800b,4794.1720
mhd4800b,21627.7201
mhd4800b,12473.1223
mhd4800b,39813.8308
mhd4800b,41809.1839
mhd4800b,30902.9634
mhd4800b,18969.2588
mhd4800b,31935.4970
mhd4800b,28738.8005
mhd4800b,16695.8511
mhd4800b,28148.8661
mhd4800b,10609.6853
mhd4800b,7072.9505
mhd4800b,17451.5646
mhd4800b,10536.2501
mhd4800b,29437.5410
nasa4704,3.1102
nasa4704,2.8058
nasa4704,4.0579
nasa4704,2.0846
nasa4704,5.2842
nasa4704,4.1715
nasa4704,2.7144
nasa4704,4.0710
nasa4704,4.0220
nasa4704,2.6116
nasa4704,3.1808
nasa4704,4.1262
nasa4704,2.4085
nasa4704,7.3845
nasa4704,4.7152
nasa4704,5.0981
nasa4704,3.4935
nasa4704,4.0892
nasa4704,6.0972
nasa4704,4.2765
nasasrb,4.0154
nasasrb,5.6913
nasasrb,1.9454
nasasrb,2.4237
nasasrb,2.6727
nasasrb,1.9189
nasasrb,2.5943
nasasrb,4.0407
nasasrb,3.1831
nasasrb,3.1066
nos2,1.4874
nos2,1.1998
nos2,1.1558
nos2,1.6535
nos2,2.1892
nos2,1.3732
nos2,0.3202
nos2,1.9447
nos2,1.2181
nos2,1.2361
nos2,0.9947
nos2,2.3446
nos2,1.0017
nos2,1.2722
nos2,1.9722
nos2,1.6157
nos2,2.2211
nos2,1.2060
nos2,1.4106
nos2,1.8148
s3dkq4m2,2.8224
s3dkq4m2,3.1641
s3dkq4m2,3.2133
s3dkq4m2,3.2044
s3dkq4m2,2.4273
s3dkq4m2,3.0384
s3dkq4m2,3.1616
s3dkq4m2,4.3344
s3dkq4m2,2.1093
s3dkt3m2,3.0697
s3dkt3m2,2.9871
s3dkt3m2,3.3807
s3dkt3m2,3.1978
s3dkt3m2,2.6588
s3dkt3m2,2.7264
s3dkt3m2,3.0320
s3dkt3m2,3.8415
sts4098,34.9823
sts4098,23.0080
sts4098,17.6464
sts4098,65.3272
sts4098,60.1546
sts4098,8.1785
sts4098,41.6608
sts4098,48.7425
sts4098,9.5954
sts4098,16.6639
sts4098,57.0842
sts4098,24.6219
sts4098,14.5819
sts4098,111.6368
sts4098,34.5014
sts4098,80.8377
sts4098,37.9008
sts4098,19.9022
sts4098,40.4251
sts4098,25.7082
